Modelo,Experimento,Conjunto,Esquina,MAE,RMSE,R2,Pearson
Baseline,Typical como prediccion,Train,Slow,0.02739016840844039,0.165046417237417,0.9956211719167901,0.997871872702438
Baseline,Typical como prediccion,Train,Fast,0.06851344604939094,0.3576851581615236,0.9789482860901155,0.989955300060669
Baseline,Typical como prediccion,Validacion,Slow,0.03007987752113426,0.23659180871550628,0.9914798497895095,0.9958044948322491
Baseline,Typical como prediccion,Validacion,Fast,0.07081275377754112,0.3436850354338628,0.9815493599432087,0.9912330334264529
Ridge,alpha=1.0,Train,Slow,0.050028214677660554,0.15990806683649092,0.9958895777458322,0.9979426727092882
Ridge,alpha=1.0,Train,Fast,0.12492478551071083,0.33934283075579535,0.9810520174372412,0.9904807003293844
Ridge,alpha=1.0,Validacion,Slow,0.052352606830907186,0.23224980531399894,0.9917897088176288,0.9958872763472016
Ridge,alpha=1.0,Validacion,Fast,0.12661571650991288,0.3284516195679834,0.9831487156699129,0.9915400855780941
Random Forest,trees=10_depth=20_leaf=2,Train,Slow,0.017714368226736804,0.08853962245471336,0.9987398535401729,0.9993698247453329
Random Forest,trees=10_depth=20_leaf=2,Validacion,Slow,0.03374269567315298,0.22096558029484997,0.9925681471708506,0.9962773578860233
Random Forest,trees=10_depth=20_leaf=2,Train,Fast,0.0334485774677322,0.1479582218480852,0.9963978331399828,0.9982010716782915
Random Forest,trees=10_depth=20_leaf=2,Validacion,Fast,0.06637099081008378,0.3140048461295128,0.9845985045265266,0.9922698279856147
Random Forest,trees=50_depth=20_leaf=2,Train,Slow,0.01732299280001852,0.08372517774632786,0.9988731714328797,0.9994365885627066
Random Forest,trees=50_depth=20_leaf=2,Validacion,Slow,0.03353135459570514,0.21935436705306333,0.9926761336112092,0.9963315057293606
Random Forest,trees=50_depth=20_leaf=2,Train,Fast,0.03283547326887941,0.14151508935082024,0.9967047291279179,0.9983546724665207
Random Forest,trees=50_depth=20_leaf=2,Validacion,Fast,0.06495893094295224,0.3111729284055758,0.9848750549659491,0.9924094166558923
Random Forest,trees=100_depth=20_leaf=2,Train,Slow,0.01729454794065399,0.08321508911515386,0.9988868598250661,0.9994434407696238
Random Forest,trees=100_depth=20_leaf=2,Validacion,Slow,0.033363463139256866,0.21881809571214936,0.9927119001991644,0.9963494912057029
Random Forest,trees=100_depth=20_leaf=2,Train,Fast,0.03273667996191751,0.140100085723064,0.9967702982284947,0.9983874862839932
Random Forest,trees=100_depth=20_leaf=2,Validacion,Fast,0.06455868383732305,0.3082947037708353,0.9851535602863355,0.9925498893277352
Random Forest,trees=200_depth=20_leaf=2,Train,Slow,0.01727782313967441,0.08302458000206984,0.9988919507431984,0.9994459938784783
Random Forest,trees=200_depth=20_leaf=2,Validacion,Slow,0.033380003738552835,0.21879815557547677,0.9927132284173278,0.996350159071826
Random Forest,trees=200_depth=20_leaf=2,Train,Fast,0.032713327733370906,0.14028838717721198,0.9967616106358522,0.9983831372937054
Random Forest,trees=200_depth=20_leaf=2,Validacion,Fast,0.06436129322148434,0.30569403485219687,0.9854029828071182,0.9926755346478001
Gradient Boosting,trees=100_learning_rate=0.05_depth=3,Train,Slow,0.04800457200466072,0.15287675491053226,0.9962431089293523,0.9981428875222975
Gradient Boosting,trees=100_learning_rate=0.05_depth=3,Train,Fast,0.10717656633807035,0.26869560040397944,0.9881202656158924,0.99408430793699
Gradient Boosting,trees=100_learning_rate=0.05_depth=3,Validacion,Slow,0.05082041464946931,0.22943719339245916,0.9919873626778835,0.9960133934435614
Gradient Boosting,trees=100_learning_rate=0.05_depth=3,Validacion,Fast,0.11117808109661313,0.3430390346468318,0.9816186555190615,0.9907831571872495
Baseline,Typical como prediccion,Test Labels,Slow,0.008601821121606672,0.09103228939522011,0.9992345344147638,0.9996206904671399
Baseline,Typical como prediccion,Test Labels,Fast,0.014153689047740618,0.14498333868516822,0.9980557388781983,0.9990380318234967
Baseline,Typical como prediccion,Test Designs,Slow,0.055453577739456264,0.334651042395327,0.9263451109991385,0.9637775960612942
Baseline,Typical como prediccion,Test Designs,Fast,0.0609659151391284,0.36793355025129704,0.8855890620447975,0.9499828065133834
Ridge,alpha=1.0,Test Labels,Slow,0.03599472993737715,0.09381470337861782,0.999187026181889,0.999607524409915
Ridge,alpha=1.0,Test Labels,Fast,0.08353706985739824,0.16235979935344869,0.9975617658437482,0.9989391596394332
Ridge,alpha=1.0,Test Designs,Slow,0.07711992827660899,0.3262304052199236,0.9300051501471011,0.9647046687334052
Ridge,alpha=1.0,Test Designs,Fast,0.11680005598041764,0.3476145898050111,0.8978767197841816,0.9501124975446581
Random Forest,trees=200_depth=20_leaf=2,Test Labels,Slow,0.05405955487290775,0.1721998627844866,0.9972609475922916,0.9992084742767042
Random Forest,trees=200_depth=20_leaf=2,Test Labels,Fast,0.10032823268166566,0.37895354812048554,0.9867171779528326,0.9982827831072184
Random Forest,trees=200_depth=20_leaf=2,Test Designs,Slow,0.06854483205674634,0.329911111289871,0.9284168013788394,0.9639579387836471
Random Forest,trees=200_depth=20_leaf=2,Test Designs,Fast,0.09375533285136091,0.3673087805382831,0.8859772832335784,0.944638082813277
